{"name":"KFGQPCUthmanTahaNaskh","type":"TTF","desc":{"CapHeight":719,"XHeight":339,"FontBBox":"[-126 -531 1190 1064]","Flags":4,"Ascent":1064,"Descent":-531,"Leading":0,"ItalicAngle":0,"StemV":87,"MissingWidth":0},"unitsPerEm":2048,"up":-341,"ut":50,"strp":250,"strs":50,"ttffile":"C:\\Users\\Amr Achraf\\Desktop\\UniVer\\vendor\\mpdf\\mpdf\\src\\Config\/..\/..\/ttfonts\/Uthman.otf","TTCfontID":0,"originalsize":172980,"sip":false,"smp":false,"BMPselected":false,"fontkey":"kfgqpcuthmantahanaskh","panose":" 0 0 2 0 0 0 0 0 0 0 0 0","haskerninfo":false,"haskernGPOS":false,"hassmallcapsGSUB":false,"fontmetrics":"win","useOTL":255,"rtlPUAstr":"\\x{0E007}-\\x{0E015}\\x{0E017}-\\x{0E045}\\x{0E047}-\\x{0E054}\\x{0E056}-\\x{0E0A7}\\x{0E0A9}-\\x{0E0C0}\\x{0E0C2}-\\x{0E0F0}\\x{0E0F2}-\\x{0E13C}\\x{0E13E}-\\x{0E143}\\x{0E146}-\\x{0E153}","GSUBScriptLang":{"arab":"DFLT "},"GSUBFeatures":{"arab":{"DFLT":{"liga":[0,13,14,23,24,25,26,27,28],"init":[1],"medi":[2],"fina":[3],"calt":[4,5,6,7,8,9,10,11,12,15,16,17,18,19,20,21,22]}}},"GSUBLookups":[{"Type":4,"Flag":1,"SubtableCount":1,"Subtables":[138438],"MarkFilteringSet":""},{"Type":1,"Flag":1,"SubtableCount":1,"Subtables":[138524],"MarkFilteringSet":""},{"Type":1,"Flag":1,"SubtableCount":1,"Subtables":[138666],"MarkFilteringSet":""},{"Type":1,"Flag":1,"SubtableCount":1,"Subtables":[138808],"MarkFilteringSet":""},{"Type":6,"Flag":9,"SubtableCount":12,"Subtables":[138932,138954,138978,139002,139026,139052,139078,139106,139134,139158,139182,139208],"MarkFilteringSet":""},{"Type":4,"Flag":1,"SubtableCount":1,"Subtables":[141662],"MarkFilteringSet":""},{"Type":4,"Flag":9,"SubtableCount":1,"Subtables":[141708],"MarkFilteringSet":""},{"Type":6,"Flag":1,"SubtableCount":1,"Subtables":[141784],"MarkFilteringSet":""},{"Type":6,"Flag":1,"SubtableCount":4,"Subtables":[141832,141856,141876,141898],"MarkFilteringSet":""},{"Type":6,"Flag":1,"SubtableCount":7,"Subtables":[142248,142268,142288,142306,142326,142344,142364],"MarkFilteringSet":""},{"Type":6,"Flag":1,"SubtableCount":3,"Subtables":[142542,142560,142580],"MarkFilteringSet":""},{"Type":4,"Flag":9,"SubtableCount":1,"Subtables":[142916],"MarkFilteringSet":""},{"Type":6,"Flag":9,"SubtableCount":1,"Subtables":[142986],"MarkFilteringSet":""},{"Type":4,"Flag":9,"SubtableCount":1,"Subtables":[143172],"MarkFilteringSet":""},{"Type":4,"Flag":9,"SubtableCount":1,"Subtables":[143564],"MarkFilteringSet":""},{"Type":6,"Flag":9,"SubtableCount":3,"Subtables":[143918,143936,143954],"MarkFilteringSet":""},{"Type":4,"Flag":1,"SubtableCount":1,"Subtables":[144060],"MarkFilteringSet":""},{"Type":6,"Flag":9,"SubtableCount":1,"Subtables":[144250],"MarkFilteringSet":""},{"Type":6,"Flag":9,"SubtableCount":5,"Subtables":[144354,144374,144394,144414,144434],"MarkFilteringSet":""},{"Type":6,"Flag":9,"SubtableCount":1,"Subtables":[144924],"MarkFilteringSet":""},{"Type":6,"Flag":1,"SubtableCount":5,"Subtables":[145058,145084,145108,145132,145154],"MarkFilteringSet":""},{"Type":6,"Flag":1,"SubtableCount":11,"Subtables":[146020,146040,146062,146086,146106,146128,146152,146170,146190,146212,146232],"MarkFilteringSet":""},{"Type":6,"Flag":1,"SubtableCount":1,"Subtables":[147038],"MarkFilteringSet":""},{"Type":4,"Flag":9,"SubtableCount":1,"Subtables":[147084],"MarkFilteringSet":""},{"Type":4,"Flag":9,"SubtableCount":1,"Subtables":[147278],"MarkFilteringSet":""},{"Type":4,"Flag":9,"SubtableCount":1,"Subtables":[147722],"MarkFilteringSet":""},{"Type":4,"Flag":9,"SubtableCount":1,"Subtables":[148584],"MarkFilteringSet":""},{"Type":4,"Flag":9,"SubtableCount":1,"Subtables":[148992],"MarkFilteringSet":""},{"Type":4,"Flag":9,"SubtableCount":1,"Subtables":[149182],"MarkFilteringSet":""},{"Type":4,"Flag":9,"SubtableCount":1,"Subtables":[149330],"MarkFilteringSet":""},{"Type":4,"Flag":1,"SubtableCount":1,"Subtables":[149356],"MarkFilteringSet":""},{"Type":1,"Flag":1,"SubtableCount":1,"Subtables":[149394],"MarkFilteringSet":""},{"Type":1,"Flag":1,"SubtableCount":1,"Subtables":[149412],"MarkFilteringSet":""},{"Type":1,"Flag":1,"SubtableCount":1,"Subtables":[149426],"MarkFilteringSet":""},{"Type":4,"Flag":9,"SubtableCount":1,"Subtables":[149440],"MarkFilteringSet":""},{"Type":1,"Flag":9,"SubtableCount":1,"Subtables":[149710],"MarkFilteringSet":""},{"Type":1,"Flag":9,"SubtableCount":1,"Subtables":[149728],"MarkFilteringSet":""},{"Type":1,"Flag":9,"SubtableCount":1,"Subtables":[149828],"MarkFilteringSet":""},{"Type":1,"Flag":9,"SubtableCount":1,"Subtables":[149910],"MarkFilteringSet":""},{"Type":1,"Flag":1,"SubtableCount":1,"Subtables":[149944],"MarkFilteringSet":""},{"Type":1,"Flag":1,"SubtableCount":1,"Subtables":[150042],"MarkFilteringSet":""},{"Type":1,"Flag":1,"SubtableCount":1,"Subtables":[150060],"MarkFilteringSet":""}],"GPOSScriptLang":{"arab":"DFLT "},"GPOSFeatures":{"arab":{"DFLT":{"mark":[0,1,2,3,4,5,6,7,8,9,10,11,12],"curs":[13,14,15],"mkmk":[16]}}},"GPOSLookups":[{"Type":4,"Flag":1,"SubtableCount":1,"Subtables":[150348],"MarkFilteringSet":""},{"Type":4,"Flag":1,"SubtableCount":1,"Subtables":[151340],"MarkFilteringSet":""},{"Type":5,"Flag":1,"SubtableCount":1,"Subtables":[151534],"MarkFilteringSet":""},{"Type":5,"Flag":1,"SubtableCount":1,"Subtables":[151732],"MarkFilteringSet":""},{"Type":5,"Flag":1,"SubtableCount":1,"Subtables":[152180],"MarkFilteringSet":""},{"Type":5,"Flag":1,"SubtableCount":1,"Subtables":[152722],"MarkFilteringSet":""},{"Type":5,"Flag":1,"SubtableCount":1,"Subtables":[153186],"MarkFilteringSet":""},{"Type":5,"Flag":1,"SubtableCount":1,"Subtables":[153570],"MarkFilteringSet":""},{"Type":5,"Flag":1,"SubtableCount":1,"Subtables":[154382],"MarkFilteringSet":""},{"Type":5,"Flag":1,"SubtableCount":1,"Subtables":[155612],"MarkFilteringSet":""},{"Type":5,"Flag":1,"SubtableCount":1,"Subtables":[156070],"MarkFilteringSet":""},{"Type":5,"Flag":1,"SubtableCount":1,"Subtables":[156408],"MarkFilteringSet":""},{"Type":4,"Flag":1,"SubtableCount":1,"Subtables":[156750],"MarkFilteringSet":""},{"Type":3,"Flag":9,"SubtableCount":1,"Subtables":[156968],"MarkFilteringSet":""},{"Type":3,"Flag":9,"SubtableCount":1,"Subtables":[157558],"MarkFilteringSet":""},{"Type":3,"Flag":1,"SubtableCount":1,"Subtables":[157812],"MarkFilteringSet":""},{"Type":6,"Flag":1,"SubtableCount":1,"Subtables":[157988],"MarkFilteringSet":""}],"kerninfo":[]}